source_id,title,url
enara_1610,e-나라지표 실종아동등 신고접수 및 처리현황,https://www.index.go.kr/unify/idx-info.do?idxCd=1610
mt_2018,"머니투데이, 성인 실종자 가출 분류 (2018.8.3)",https://www.mt.co.kr/society/2018/08/03/2018073016482620336
tf_2021,"더팩트, 사라지는 어른들 (2021)",https://news.tf.co.kr/read/ogmeta/1972171.htm
ajunews_2022,"아주경제, 성인 가출인 신고 (2022.7.8)",https://www.ajunews.com/view/20220708140018092
kyeonggi_2024,"경기일보, 성인 실종 2020~2023 (2024.11.18)",https://kyeonggi.com/article/20241118580358
fnnews_2026,"파이낸셜뉴스, 성인 실종 하루 194건 (2026.9.5)",https://www.fnnews.com/news/202609050448055301
fnnews_0827,"파이낸셜뉴스, 성인 실종 사망·미제 (2026.8.27)",https://www.fnnews.com/news/202608271331102606
insight_2026,"인사이트, 성인 실종 연 7만건 이상 (2026.8)",https://www.insight.co.kr/news/570247
medigate_2026,"메디게이트뉴스, 치매환자 실종신고 4년 연속 증가 (2026.9.4)",https://www.medigatenews.com/news/1553786987
dt_2025,"디지털타임스, 치매·아동 실종 5년 새 증가",https://www.dt.co.kr/article/11660632
seoul_2026,"서울신문, 장기실종아동 1335명 (2026.5.25)",https://m.seoul.co.kr/news/2026/05/25/20260525500106
herald_2026,"헤럴드경제, 실종아동 발견 현황 (2026.5.24)",https://www.heraldk.com/article/2026052414450066376
inews24_2026,"아이뉴스24, 미해결 실종 10건 중 9건 성인 (2026.9.6)",https://www.inews24.com/view/2002443
