year,group,reports,source_id
2011,실종아동등,43080,enara_1610
2012,실종아동등,42169,enara_1610
2013,성인(가출인),57751,mt_2018
2013,실종아동등,38695,enara_1610
2014,성인(가출인),59202,mt_2018
2014,실종아동등,37522,enara_1610
2015,성인(가출인),63471,mt_2018
2015,실종아동등,36785,enara_1610
2016,성인(가출인),67907,tf_2021
2016,실종아동등,38281,enara_1610
2017,성인(가출인),65830,tf_2021
2017,실종아동등,38789,enara_1610
2018,성인(가출인),75592,tf_2021
2018,실종아동등,42992,enara_1610
2019,성인(가출인),75432,tf_2021
2019,실종아동등,42390,enara_1610
2020,성인(가출인),67612,kyeonggi_2024
2020,실종아동등,38496,enara_1610
2021,성인(가출인),66259,kyeonggi_2024
2021,실종아동등,41122,enara_1610
2022,성인(가출인),74936,fnnews_2026
2022,실종아동등,49287,enara_1610
2023,성인(가출인),74847,fnnews_2026
2023,실종아동등,48745,enara_1610
2024,성인(가출인),71854,fnnews_2026
2024,실종아동등,49624,enara_1610
2025,성인(가출인),70814,fnnews_2026
2025,실종아동등,54569,enara_1610
